receta1,ingredientes1,1,preparacion1,1,15/03/2023,C:/Users/gonza/OneDrive/Escritorio/gnocchi.webp
receta2,ingredientes2,2,preparacion2,2,15/03/2023,C:/Users/gonza/OneDrive/Escritorio/gnocchi.webp
receta3,ingredientes3,3,preparacion3,3,15/03/2023,C:/Users/gonza/OneDrive/Escritorio/gnocchi.webp
receta4,ingredientes4,4,preparacion4,4,15/03/2023,C:/Users/gonza/OneDrive/Escritorio/gnocchi.webp
receta5,ingredientes5,5,preparacion5,5,15/03/2023,C:/Users/gonza/OneDrive/Escritorio/gnocchi.webp
receta6,ingredientes6,6,preparacion6,6,15/03/2023,C:/Users/gonza/OneDrive/Escritorio/gnocchi.webp
receta7,ingredientes7,7,preparacion7,7,15/03/2023,C:/Users/gonza/OneDrive/Escritorio/gnocchi.webp
receta8,ingredientes8,8,preparacion8,8,15/03/2023,C:/Users/gonza/OneDrive/Escritorio/gnocchi.webp
receta9,ingredientes9,9,preparacion9,9,15/03/2023,C:/Users/gonza/OneDrive/Escritorio/gnocchi.webp
receta10,ingredientes10,10,preparacion10,10,15/03/2023,C:/Users/gonza/OneDrive/Escritorio/gnocchi.webp
receta11,ingredientes11,11,preparacion11,11,15/03/2023,C:/Users/gonza/OneDrive/Escritorio/gnocchi.webp
receta12,ingredientes12,12,preparacion12,12,15/03/2023,C:/Users/gonza/OneDrive/Escritorio/gnocchi.webp
receta13,ingredientes13,13,preparacion13,13,15/03/2023,C:/Users/gonza/OneDrive/Escritorio/gnocchi.webp
receta14,ingredientes14,14,preparacion14,14,15/03/2023,C:/Users/gonza/OneDrive/Escritorio/gnocchi.webp
receta15,ingredientes15,15,preparacion15,15,16/03/2023,C:/Users/gonza/OneDrive/Escritorio/gnocchi.webp
receta16,ingredientes16,16,preparacion16,16,16/03/2023,C:/Users/gonza/OneDrive/Escritorio/gnocchi.webpprueba,prueba,10,prueba,10,2023-03-23 20:20:15,C:/Users/gonza/OneDrive/Escritorio/Recetas-de-comida-para-llevar-al-trabajo.jpg
prueba,prueba,10,prueba,10,2023-03-23 20:21:26,C:/Users/gonza/OneDrive/Escritorio/Recetas-de-comida-para-llevar-al-trabajo.jpg
prueba2,prueba2,10,prueba2,10,2023-03-23 20:22:40,C:/Users/gonza/OneDrive/Escritorio/Recetas-de-comida-para-llevar-al-trabajo.jpg
prueba3,prueba3,10,prueba3,10,2023-03-23 20:25:02,
prueba4,prueba4,10,prueba,10,2023-03-23 20:35:13,C:/Users/gonza/OneDrive/Escritorio/Recetas-de-comida-para-llevar-al-trabajo.jpg
